#{"t_start": 1678308013.2859664, "env_id": null}
r,l,t
-115.432951,1500,0.874141
-84.777198,1108,2.123032
-53.67775,724,2.506064
-24.22802,320,2.665655
-94.470071,1366,4.010222
-1.80065,13,4.017225
-14.856061,203,4.126216
-87.943305,1317,5.430695
-27.906118,425,5.679425
-74.512238,1159,6.314242
-26.907914,490,7.148129
-1.578846,19,7.157794
-8.69744,151,7.231764
-3.038211,49,7.259869
-11.34941,162,7.36075
-22.579325,380,7.555994
-5.822626,65,7.588179
-7.491979,126,7.651319
-0.593485,14,7.658309
-17.428259,354,7.85013
-18.078234,332,8.635151
-3.45248,71,8.669722
-1.790101,27,8.682908
-11.634168,251,8.805794
-7.554925,151,8.880002
-2.912749,83,8.929286
-3.895178,45,8.967824
-1.119094,27,8.987157
-9.178118,205,9.11797
-3.04121,38,9.137915
-1.244192,57,9.168223
-2.9,32,9.184819
-5.668816,93,9.231428
-1.223876,11,9.236854
-3.928303,75,9.276395
-11.675846,218,9.382994
-4.578101,106,9.436849
-8.637601,153,9.524297
-7.879088,178,9.63241
-4.661085,103,9.68565
-4.797457,135,10.359174
-16.705481,370,10.539931
-4.8938,70,10.574147
-3.294387,35,10.593737
-3.015927,47,10.62448
-2.958516,70,10.66642
-1.663502,52,10.69572
-6.80882,143,10.784083
-1.129336,11,10.789474
-0.924319,11,10.794776
-1.137022,76,10.831311
-3.732285,69,10.864884
-4.078407,58,10.893142
-1.604879,15,10.900557
-2.083669,25,10.912849
-6.772048,144,10.982915
-4.670186,102,11.032485
-1.089412,7,11.036073
-2.388099,37,11.053734
-1.8,23,11.064821
-2.785673,111,11.118778
-0.37879,16,11.126851
-9.855875,247,11.28074
-1.008445,21,11.29233
-1.447185,17,11.300955
-1.249695,6,11.303977
-4.079016,109,11.360066
-1.014373,26,11.374261
-5.131126,102,12.031664
-1.4,31,12.052724
-0.638347,24,12.064631
-2.097182,26,12.077466
-1.999811,19,12.08677
-3.411705,99,12.134338
-0.645291,20,12.144083
-0.80443,32,12.159958
-3.161469,52,12.185519
-4.760737,145,12.257946
-7.032844,198,12.378473
-1.269988,28,12.395109
-5.740065,134,12.46333
-1.914552,27,12.476572
-5.458783,134,12.541267
-1.59367,85,12.582313
-0.688594,10,12.587175
-3.846157,126,12.648099
-2.144109,79,12.685976
-1.3,15,12.693192
-1.320414,23,12.704257
-0.542679,12,12.71001
-3.355096,72,12.748587
-1.304587,18,12.760427
-1.618801,54,12.793948
-9.383982,304,12.989781
-2.810712,64,13.021056
-5.368971,213,13.720251
-5.710024,141,13.788607
-0.931987,68,13.820636
-2.086768,51,13.845378
-1.145489,14,13.852063
-2.350611,59,13.880361
-2.343312,53,13.918302
-1.143426,35,13.936214
-1.813532,41,13.959991
-4.881349,83,14.003482
-0.645243,23,14.014349
-2.861804,48,14.055586
-1.3,23,14.068776
-0.75004,13,14.076247
-1.380546,96,14.124253
-1.745369,29,14.138853
-1.699544,17,14.147343
-2.657192,50,14.171997
-1.527512,18,14.182209
-1.061963,18,14.192725
-2.040039,29,14.20691
-0.449277,40,14.225907
-1.599992,17,14.234095
-1.422494,25,14.246057
-1.1,9,14.250336
-1.312681,109,14.302431
-0.517837,74,14.337578
-1.698381,23,14.348605
-1.179747,31,14.363526
-2.298434,55,14.389982
-1.251081,24,14.401383
-2.8159,52,14.428146
-2.096326,69,14.475054
-3.491709,133,14.543696
-1.156415,16,14.551266
-1.546595,19,14.57008
-0.684062,22,14.580937
-1.864847,77,14.619976
-2.197332,59,14.649419
-1.409112,33,14.665571
-0.84717,18,14.674472
-2.237971,55,14.701251
-0.473846,28,14.714904
0.162212,32,14.73071
-2.99614,88,14.773835
-1.399976,15,14.781226
-0.172598,75,15.407723
-1.146054,17,15.415766
-1.477634,65,15.446775
-0.552169,19,15.455739
-0.638163,93,15.499622
-2.700732,133,15.565341
-0.843143,31,15.581354
-2.773802,72,15.618568
-0.549095,41,15.639898
-0.694352,34,15.672978
-1.442345,64,15.705295
-0.62749,61,15.734486
-1.764758,49,15.757634
-1.492599,16,15.76544
-1.393971,21,15.775385
-1.068503,8,15.77929
-1.516655,44,15.800678
-1.730475,28,15.813951
-1.2,24,15.825142
-1.744886,76,15.861109
-0.712651,14,15.86803
-1.4,13,15.874345
-1.21164,19,15.883434
-0.817492,20,15.892966
-0.518623,27,15.905916
-1.460581,20,15.91584
-0.211937,20,15.925524
-1.776406,40,15.944876
-1.361854,77,15.985595
-1.956534,35,16.002508
-1.461823,17,16.010907
-1.265293,29,16.025121
0.3262,38,16.043183
-2.699993,51,16.070141
-0.939843,9,16.075105
-1.496464,19,16.08929
-1.229597,34,16.113898
-0.88398,25,16.126979
-0.144878,51,16.155936
-1.540819,24,16.167768
-1.483243,31,16.200184
-0.801762,18,16.211504
-1.1,13,16.21813
-0.379811,19,16.228556
-0.809281,12,16.234872
0.156743,18,16.24439
-2.6318,49,16.269491
-1.79655,33,16.285787
-1.6,28,16.299674
-1.268733,25,16.312064
-1.353368,28,16.326948
-0.959916,13,16.333284
-1.649711,30,16.347813
-1.453402,23,16.358856
-1.89954,63,16.389032
-1.492009,23,16.400168
1.220322,13,16.406615
-1.855826,37,16.424432
-1.7171,39,17.034196
-0.547101,23,17.045307
-3.827797,113,17.099402
-0.516122,153,17.171647
-1.397639,22,17.182553
-1.159071,33,17.204387
-2.370685,85,17.249884
-1.409619,29,17.26568
-1.020902,18,17.274866
-1.31884,28,17.299131
-0.420694,14,17.306125
-0.525672,12,17.312399
-1.101792,33,17.330013
-1.688878,45,17.353303
-1.406174,28,17.367033
-1.811683,117,17.423241
-2.1,26,17.435879
-0.411806,19,17.445092
-0.465932,29,17.459013
-1.202024,42,17.479134
-2.475961,48,17.502422
-0.592386,33,17.51857
-0.787856,53,17.544152
-1.024755,18,17.55263
-1.218263,10,17.557513
-1.379616,14,17.564364
-0.956564,26,17.576609
-1.198307,22,17.586959
-1.916714,54,17.612672
-1.199989,11,17.617936
-0.622967,13,17.624351
-0.285593,25,17.636169
-1.378777,22,17.646743
-1.721058,37,17.664222
-0.819044,25,17.675982
-0.896651,27,17.689886
-0.385167,54,17.722697
-1.349426,15,17.731023
-1.38867,30,17.752983
-1.015072,21,17.765329
-1.399693,9,17.769999
-1.111836,14,17.777652
-1.392012,25,17.7903
-1.984043,49,17.824252
-1.1,19,17.833731
-1.602908,28,17.847543
-1.782201,52,17.873187
-0.941326,85,17.913903
-1.670782,42,17.934139
-0.878892,13,17.940564
-1.389391,21,17.950583
-1.383687,18,17.959165
0.41161,92,18.002703
-1.255382,11,18.008099
-0.607632,27,18.021059
-0.189056,23,18.032152
-1.699941,33,18.048053
-1.89999,32,18.06354
-1.284659,34,18.689013
-0.62958,42,18.709219
-1.105246,36,18.728339
-0.433155,22,18.738834
-1.212689,12,18.744719
-1.2,33,18.760159
-0.404797,34,18.776337
-1.313142,47,18.798944
-1.127961,5,18.801466
-0.1797,27,18.815901
0.819184,15,18.823013
-1.430454,39,18.849015
-0.854313,30,18.864792
-1,8,18.868901
-2.033363,106,18.936311
-1.585079,15,18.945233
-1.11994,19,18.955357
-0.237132,24,18.967741
-0.358388,21,18.978342
-1.332866,43,18.998556
-1.641303,43,19.019403
-1.0181,31,19.034289
-0.168271,42,19.053891
-0.837947,47,19.076193
-0.594337,29,19.090293
-1,17,19.098234
-0.635802,26,19.115361
-1.657311,41,19.147183
-1.649881,46,19.171637
-2.099994,42,19.191902
-1.851319,44,19.212783
-0.975706,27,19.225715
-0.371069,14,19.232402
-0.994341,15,19.239476
-1.539305,40,19.258516
-1.738388,43,19.27912
-0.497442,40,19.29804
-0.051896,47,19.320164
-1,11,19.32532
-1.199926,25,19.337052
-1.105751,37,19.355077
-1.673436,31,19.373386
-1.949879,36,19.398773
-0.883485,74,19.440273
-1.296227,12,19.446074
-0.261052,28,19.46924
-1.073604,31,19.485252
-2.180098,72,19.520015
-1.192606,39,19.538708
-2.359428,66,19.570565
-1.367121,26,19.582846
-0.978146,15,19.589942
-1.19957,23,19.600722
-1.1,16,19.608253
-0.406421,21,19.618021
-0.28933,29,19.631689
-2.343693,37,19.649454
-1.2,17,19.65751
-1,11,19.662757
-1.2,16,19.670473
-0.51445,22,19.681179
-1.663101,25,19.693426
-1.464889,13,19.699815
-0.158941,26,19.712126
-0.87087,29,19.726228
-1.399986,26,20.341599
-1.378001,38,20.363159
-1,13,20.369262
-1.29925,18,20.377741
-1,16,20.385205
-1.458483,38,20.403235
-0.235185,15,20.41031
-0.481729,18,20.418996
-1,21,20.4288
-1.087817,20,20.438395
-1.1,22,20.448781
0.59018,16,20.458305
-0.376541,26,20.475037
-1.06602,23,20.491487
-1.105623,45,20.521407
-2.020967,77,20.565904
-0.550832,22,20.591756
0.516084,14,20.601278
-0.352687,19,20.615836
-0.071904,19,20.627004
-0.801492,18,20.635873
-1.235192,36,20.652926
-1,7,20.656218
-1.440418,51,20.680209
-1.499998,37,20.697504
-1.1,21,20.707284
-0.335908,11,20.712582
0.383501,60,20.741292
-0.560315,43,20.761679
-1.282328,27,20.774424
-0.421961,41,20.793709
-1.499997,16,20.801364
-1.415991,32,20.816582
-0.785021,36,20.83374
-1,20,20.843243
-0.718876,32,20.858142
-1.210794,22,20.868506
-1.701424,39,20.887526
-1.780311,30,20.901793
-1.282366,29,20.915583
-0.473103,21,20.925484
-1.787402,29,20.93936
-1.687781,30,20.953503
-1.1,10,20.958206
-1,19,20.967034
-0.219584,23,20.97781
-0.945025,30,20.992197
-0.632931,27,21.005076
-1,9,21.010036
-0.491335,66,21.045688
-1.325415,22,21.056839
-1.198423,33,21.074665
-0.021569,25,21.097557
-1.370358,43,21.122812
-1.208693,33,21.141834
1.389473,21,21.154208
-0.020445,12,21.160128
1.073649,28,21.173577
-0.812077,23,21.184384
-1.1,19,21.193535
-0.823959,24,21.204865
-0.548445,44,21.225738
-0.722508,7,21.229162
-1.028501,47,21.251013
-0.533907,13,21.257171
-1.000183,9,21.261644
-1.071331,33,21.277074
0.283699,25,21.288959
-1.244164,53,21.31399
-0.546835,14,21.320644
-1.193433,50,21.343798
-1.066257,29,21.357563
-1,9,21.361778
-0.058283,20,21.371285
-0.693349,19,21.381304
-1.299501,13,21.387645
0.0639,22,21.398004
-1.709262,37,22.006576
-0.744078,11,22.011891
-0.574342,19,22.020924
-1.499056,38,22.038703
-0.57898,24,22.050527
-0.212561,20,22.065972
0.215387,30,22.080831
-1.619655,34,22.098592
-1.15394,20,22.108755
-1.399979,21,22.119191
-1.361722,33,22.139281
-1.370109,39,22.159584
-0.765009,29,22.175683
-1.2,21,22.18888
-1.503267,124,22.266746
-1.394586,34,22.283659
0.72215,32,22.29877
-1.3,31,22.313367
0.345767,59,22.341034
-1.580973,31,22.355744
-1.372188,52,22.380242
0.522318,18,22.388924
-1.420726,48,22.411267
0.258422,30,22.42541
-0.175195,31,22.440454
-0.40248,34,22.456656
-1.022133,17,22.46473
-1.399864,20,22.474344
-0.300989,22,22.484791
-0.408647,13,22.491019
-1.097723,12,22.496656
-1.329873,15,22.503867
-1.1,17,22.511803
-1.420108,37,22.52908
-1.399962,12,22.534842
-0.855112,13,22.541104
-1,13,22.547208
-1,15,22.554278
-0.289523,10,22.559045
-1.074286,11,22.564203
-0.029416,80,22.601957
-1.099997,15,22.609157
-1.030542,23,22.620307
-0.684265,19,22.629745
-0.315591,17,22.6419
-0.905007,35,22.668949
-0.347112,32,22.689271
-1.146046,82,22.753356
-1.366365,38,22.774571
-0.228569,32,22.790255
-1.501216,72,22.824634
-0.976801,22,22.835247
-1,8,22.838997
0.53096,36,22.856038
-1.260969,54,22.881698
-1.042881,17,22.889677
-0.729762,16,22.897148
0.443833,58,22.924249
-1.3,20,22.933787
-1.2,28,22.946896
-1.3,19,22.955873
0.22442,74,22.990689
-1.271643,22,23.001028
-1.126837,33,23.017336
-0.735857,30,23.031727
-0.248487,20,23.041229
-0.75727,37,23.664436
-0.855455,11,23.669729
-1.2,29,23.683235
-0.421538,26,23.69548
-1.488099,16,23.703192
-1.528531,26,23.716659
-0.419497,24,23.729558
-1.034552,11,23.735182
-1,30,23.749569
-1.196779,28,23.763306
-1.299829,34,23.779904
-0.468777,21,23.79052
-0.980534,21,23.80217
-1,15,23.809988
-0.14908,29,23.835892
-0.818272,12,23.842844
-0.319482,33,23.86203
-1.252695,17,23.870735
-0.250898,78,23.913188
-1,11,23.918881
-1.238858,22,23.930815
-1.162605,30,23.945583
-1.155517,10,23.950526
0.993251,18,23.959155
-0.61283,26,23.971577
-0.508406,11,23.976977
0.086016,34,23.993037
-1.199585,20,24.002527
-0.659745,21,24.012426
-0.280883,41,24.031881
0.153876,60,24.063944
-1.1,15,24.071046
-1.489235,41,24.090569
-0.779471,60,24.119069
-0.186703,31,24.133813
-1,14,24.140538
-0.200657,21,24.150629
-0.80574,36,24.16746
-1.1,18,24.176039
-1.299721,19,24.185108
0.188541,23,24.19619
0.74336,35,24.212806
-1.096093,16,24.220335
-0.422096,23,24.231342
-0.964852,29,24.245028
-1.212019,15,24.252336
-1.977774,86,24.294149
-1.191124,23,24.305656
-1.546735,35,24.328259
-0.494613,38,24.362991
-0.654248,17,24.371664
-1.299999,23,24.38337
-0.843716,27,24.401355
-0.28036,22,24.412628
-1.399993,38,24.431242
-1.092986,20,24.44072
-0.123533,38,24.458979
-1.820873,35,24.475817
0.464772,21,24.485828
-0.28288,32,24.501128
-0.500735,24,24.512697
-0.543045,25,24.524581
-1.899769,47,24.547001
-0.456872,11,24.552324
-0.441554,35,24.568846
-1.485805,15,24.576174
-0.717753,13,24.582598
-0.654899,14,24.58929
-0.791983,39,24.60788
-1.2,16,24.615587
0.69728,17,24.623683
-1.030637,13,24.629931
-0.967256,15,24.63702
0.608588,36,24.654045
-0.020765,18,24.662754
-1.235209,19,24.672026
-1.39998,28,24.685413
0.475947,27,24.698509
-0.693323,27,25.313651
-1,22,25.323853
-0.982662,12,25.329554
-0.826399,37,25.347048
-1,15,25.354124
-0.844009,20,25.363762
-1.684333,41,25.390465
0.30954,19,25.401106
-0.580405,26,25.414847
-0.614024,22,25.42773
-0.205705,24,25.44233
-0.707078,31,25.468535
-0.221612,27,25.482266
-0.303144,16,25.490711
0.204927,23,25.506576
-0.500903,43,25.531387
-1,8,25.538732
-1.372812,33,25.557235
-1.16629,19,25.566363
-0.37487,20,25.575869
-0.192932,20,25.585625
-0.141177,36,25.602622
-1,16,25.610018
-0.990265,37,25.627403
-0.828703,25,25.639307
-0.380314,25,25.651159
-1.070415,16,25.65868
-1.1,30,25.672721
-0.711688,30,25.687031
-0.226442,28,25.700271
-1.249555,19,25.709346
2.377586,102,25.757606
2.14975,68,25.789425
-0.884327,35,25.805904
-0.757728,22,25.816557
0.482081,26,25.828799
-0.421386,69,25.86111
-0.119352,38,25.881158
0.902179,77,25.92269
-0.977098,46,25.944545
-1,13,25.950656
0.484235,25,25.9739
-0.830952,29,25.989094
-0.019474,31,26.004526
0.500714,58,26.035794
-0.187569,43,26.059048
-0.443489,48,26.08293
-0.532216,14,26.08964
-1.310468,74,26.124643
0.611908,47,26.147022
-0.902853,27,26.159827
-1.199799,33,26.175361
-1.299971,17,26.183526
-1.199952,22,26.195435
-0.003389,64,26.226167
0.448017,81,26.264259
-1.34005,16,26.272119
-0.445864,22,26.282486
0.172947,38,26.301062
-0.382085,15,26.308241
0.403141,46,26.330062
-0.238876,20,26.339618
-0.313667,17,26.347736
-1.906671,83,27.000371
-0.384066,29,27.021
-0.467058,80,27.060883
-0.916983,22,27.07141
-1.060912,41,27.109441
1.70422,50,27.14322
-1.563802,70,27.178674
-1.600423,45,27.200891
-1.085303,35,27.21753
-0.741477,29,27.231326
0.715855,4,27.233486
-1.244877,33,27.249129
-1.038388,15,27.256354
-0.24369,25,27.268194
-1,14,27.274888
-1.3,34,27.290926
0.031685,61,27.319816
-1.185559,47,27.341865
-1.202301,45,27.36328
-0.401399,20,27.372941
-0.564852,54,27.398519
-1.166514,9,27.403083
-1.299996,23,27.413883
-1.083884,20,27.426448
-1,15,27.433605
-0.217732,22,27.44403
-0.262176,23,27.455002
-1.573742,67,27.486669
-1.491427,41,27.512079
-0.433,15,27.521
-0.260771,32,27.537559
-1.141765,31,27.554137
-0.991681,49,27.577921
-1.199997,40,27.598846
-0.540745,48,27.627613
-0.89656,10,27.632958
-1.127508,44,27.657056
-0.41288,48,27.681186
-1.064796,26,27.693671
-0.628318,24,27.70512
-1.1,8,27.708933
-1.083295,9,27.715369
-1,18,27.72704
0.564881,15,27.734528
-1.678578,29,27.748452
-1.129488,33,27.770792
-0.113012,12,27.776664
-0.36293,20,27.78628
-0.768389,36,27.80331
-1,10,27.807974
-1,12,27.813553
-0.58238,25,27.825668
0.836023,95,27.870382
-1.4,19,27.879595
-0.696645,21,27.889588
-0.853848,10,27.894352
-0.00234,21,27.904326
0.021622,34,27.92089
-1.1,18,27.92941
-1.187286,40,27.948444
-1.18098,20,27.958093
-1.361958,41,27.977487
0.092703,35,27.994175
-0.106707,32,28.009237
-0.534041,34,28.631166
-0.421806,20,28.641086
-1,14,28.64822
-0.451663,49,28.671942
-1,14,28.678525
-1.402004,45,28.705449
-0.604581,122,28.778829
-1,23,28.790003
-0.892721,73,28.824233
0.323602,29,28.8382
-0.247945,10,28.843045
-1,11,28.848247
-1.2,33,28.86371
-1.046399,68,28.895545
-1.1,21,28.90538
0.832585,53,28.930624
0.448132,25,28.942751
-0.750312,72,28.977097
-0.560741,42,28.996763
-0.506873,32,29.011712
-1.09997,14,29.018464
-0.172868,59,29.046879
-1.354529,41,29.067513
-0.000459,17,29.075752
0.104503,19,29.085598
-0.340804,24,29.096991
-0.182387,43,29.119743
-0.381995,73,29.16703
-0.893969,22,29.182719
-0.527031,55,29.212764
-1.381321,41,29.232211
-1.188881,20,29.245753
-1.104927,23,29.258564
-0.348869,10,29.265135
-1.099999,17,29.274763
-1,15,29.287098
-0.588151,36,29.306494
-0.12706,23,29.317911
-0.93013,14,29.325199
-1.199998,11,29.330769
-1.197148,39,29.349524
-1.092108,60,29.379495
-1,27,29.39244
1.042144,52,29.416908
-0.094379,16,29.424538
-1.2,24,29.43584
-1.065448,47,29.458364
-1,27,29.470973
0.080769,58,29.49853
-0.889072,20,29.508146
-0.52774,11,29.513688
-0.957164,19,29.52273
-0.415532,38,29.540657
-0.295486,35,29.558581
-1.663404,58,29.590061
-1.3,24,29.601693
-0.307196,17,29.610008
0.992178,38,29.628482
-1.299997,33,29.644176
-0.746494,21,29.654282
-1.033503,7,29.65767
-1.108004,25,30.277199
-1.055946,28,30.29643
-0.577014,59,30.325216
-1,22,30.335513
-1.120601,40,30.360507
-1.099929,23,30.37728
-1.255998,27,30.395622
-0.896819,57,30.425143
-0.799361,33,30.441352
-1.084656,50,30.465223
-1.377973,59,30.493338
-1.299999,9,30.497762
-0.865875,18,30.506334
-1.199983,19,30.515317
-1,27,30.527861
-1.472125,35,30.544766
-1,18,30.553309
-0.853409,25,30.565074
-0.219686,15,30.572244
-0.359726,38,30.590775
-1.348041,62,30.620012
0.544623,38,30.637939
-0.966139,32,30.653024
-0.6645,38,30.670768
-0.744306,23,30.68181
-0.273566,15,30.689039
-0.106458,19,30.698037
-0.489318,34,30.714041
0.035052,26,30.728176
-0.935538,66,30.759666
-0.395736,28,30.773107
-1.199999,8,30.777393
-0.948412,68,30.81388
-1.235358,24,30.827455
0.344682,25,30.839441
-1,20,30.848786
-0.815979,50,30.879326
-0.068183,53,30.911396
-1.025952,54,30.938612
-0.837695,15,30.946084
-0.914338,45,30.967432
-1.095533,19,30.976474
-0.765752,45,30.997714
-1.470189,53,31.023035
-0.355489,31,31.037599
-1.068967,21,31.047488
-0.230384,57,31.074879
-0.589174,13,31.08124
-1.255169,28,31.094759
-0.010974,25,31.106612
-0.317776,10,31.111599
-1,9,31.118167
-0.973671,10,31.123072
-1.299791,28,31.136625
-1,11,31.142022
-1.198993,26,31.154959
-1.545903,44,31.177765
0.927232,56,31.207133
-0.995124,26,31.21973
-1.349962,19,31.229044
-0.536043,45,31.251145
-0.433599,9,31.256594
-1.499636,32,31.271968
0.476525,66,31.303417
-1.1,22,31.921821
-0.888923,20,31.931807
0.33226,84,31.975226
0.299103,32,31.99067
1.133213,67,32.024913
0.918214,56,32.053209
-1.199886,18,32.061836
-1.11217,19,32.07124
-0.87916,23,32.087246
-0.039959,46,32.109408
-0.233719,22,32.119913
-0.50219,35,32.136532
-0.632308,14,32.143376
-1.083429,25,32.155084
-0.313197,32,32.170053
0.001631,39,32.188372
-0.395817,48,32.2116
-0.241864,32,32.226725
-1.1,21,32.236572
-0.802002,59,32.264543
-1.032187,20,32.273936
-0.233364,17,32.282135
-0.61149,42,32.301847
-0.433151,29,32.315407
-0.513362,124,32.378546
-0.169716,28,32.393787
-0.850144,33,32.413966
-0.500681,10,32.419653
-0.393224,40,32.439154
-1.109994,54,32.468895
-0.087332,27,32.486438
-0.479261,18,32.496822
-0.26934,35,32.521116
-1.342679,45,32.546039
-1,7,32.549501
2.051968,60,32.579882
-1.092431,63,32.6097
-1.361546,24,32.621141
-1.467775,40,32.64
-1.299987,37,32.657447
-0.143848,7,32.660822
-0.487524,46,32.682216
-0.973565,23,32.693146
-0.463767,13,32.699364
-1.384233,37,32.717454
-1.024035,15,32.725074
-0.648087,54,32.751283
-0.387072,21,32.76265
-1.934137,93,32.809461
-1.034951,48,32.834423
-1.016328,98,32.885485
-1.009985,33,32.904465
0.135228,21,32.916201
-0.988486,16,32.924533
-1.131015,63,32.954432
-0.398194,29,33.670949
0.291806,51,33.699973
0.121905,20,33.711208
-0.538314,23,33.723969
-1.049023,18,33.733364
-1.299034,29,33.750023
0.773997,70,33.786586
-1.1,18,33.795376
-1.099994,22,33.806461
-0.033994,23,33.817331
-1.099627,30,33.831432
-1.2,23,33.842442
0.041483,84,33.882093
1.884946,69,33.914878
-1.195552,20,33.924449
-1.099794,16,33.931947
-1.559173,41,33.951458
2.373938,78,33.988144
-1.212469,28,34.001469
0.014273,77,34.03776
-0.59337,27,34.050548
-0.320489,13,34.056915
0.177848,10,34.063728
-1.372153,21,34.077491
-0.504632,47,34.102519
1.271963,52,34.128397
-0.308216,25,34.140416
-0.198315,41,34.159539
-0.699055,51,34.193667
-1,22,34.209034
-1.192426,42,34.231269
-0.473474,43,34.253396
-0.292989,24,34.271843
-1.062044,19,34.281376
-1.19691,28,34.29456
-0.817036,28,34.30828
-1.069409,31,34.322967
-1.769392,68,34.356714
-1.19994,19,34.36582
-0.626459,30,34.380087
-1.946148,133,34.442568
-0.861076,57,34.469265
-1,15,34.476395
-1,18,34.484907
-1.170635,25,34.496661
-0.369917,107,34.547201
-0.633453,23,34.558004
-1,15,34.565012
0.087695,38,34.583884
0.045079,95,34.632647
-1.1,15,34.639871
-0.801522,22,34.650426
-0.932527,115,35.334364
-1.099983,11,35.339869
-0.476082,27,35.35381
-0.336109,29,35.367474
-0.358594,13,35.373609
-0.762149,11,35.378898
-0.061753,54,35.404276
0.675575,28,35.417408
-0.809536,32,35.432796
-1.403698,34,35.449385
-1.001488,27,35.462668
-0.210694,45,35.485892
-0.430794,43,35.506732
0.562593,66,35.538341
-1,10,35.543539
0.950995,22,35.554919
-1.049473,21,35.564861
-1.002386,11,35.570173
-1,8,35.574019
-1.099998,13,35.580194
-0.302724,30,35.594408
-0.691771,29,35.608116
-0.16686,51,35.632056
0.043332,71,35.665656
-1.71178,50,35.689281
-1.129839,50,35.713665
-1.090836,13,35.72267
-0.793525,52,35.751487
-0.58789,47,35.77432
1.882244,52,35.799798
-0.104146,12,35.805542
-0.162759,10,35.813767
-0.546909,58,35.848056
-0.629031,31,35.863386
-1.899888,80,35.907456
1.262958,59,35.935742
-0.004743,9,35.940124
-0.722812,49,35.963595
-1,14,35.970173
-0.708724,35,35.986649
-1.1,28,35.999951
-0.562764,55,36.026107
0.666476,56,36.052338
-0.160143,20,36.06196
-0.680348,53,36.087607
-0.228181,38,36.105512
-1.186879,17,36.114619
-0.667003,97,36.162524
-0.67125,16,36.170054
-1.014261,34,36.186105
-1.299993,20,36.195937
0.114244,43,36.218343
-0.565671,82,36.261274
-0.290648,20,36.270954
-1.006694,53,36.296403
-1.226811,40,36.318883
-1.113511,9,36.323334
0.122733,162,37.012869
-0.115837,35,37.029203
-0.874688,237,37.14062
-1,10,37.145363
-0.717182,63,37.174902
-0.00842,160,37.250092
-0.376365,57,37.276835
-0.341127,21,37.286766
-2.140064,171,37.37562
-0.734892,21,37.386262
-0.513848,18,37.394924
-1.245041,40,37.417498
-1.186385,36,37.441148
-1.101359,34,37.460535
-1.394321,27,37.479377
-1,15,37.487079
0.940356,120,37.544742
0.986083,197,37.640356
0.290658,86,37.682444
0.847955,137,37.747607
0.267386,46,37.76926
0.76782,133,37.831936
-1.024996,8,37.835753
-1.146525,11,37.841032
-0.164253,65,37.874501
-1.153194,14,37.882123
-0.26346,33,37.898381
-1.099889,14,37.905261
0.208635,73,37.9505
1.904488,87,38.602291
-0.96708,17,38.610486
1.815099,120,38.667255
-0.593597,11,38.672462
-0.67793,22,38.682869
0.378375,40,38.701543
0.682701,124,38.760275
-0.783481,19,38.769457
-0.853016,42,38.789259
0.634204,48,38.811884
-0.424747,274,38.94047
0.07006,35,38.957429
0.353544,32,38.972812
0.918737,69,39.0242
-1.387884,38,39.045918
-1.296813,29,39.061197
0.009418,82,39.103322
-0.681016,43,39.125318
-1.1,11,39.130862
-0.436215,141,39.208632
-0.307511,147,39.278858
-1.610524,295,39.427201
-1.399993,32,39.442262
-1.023178,39,39.460691
-1.116579,42,39.485912
-0.425671,55,39.515011
-1.041481,24,39.526873
-1.64975,190,40.234462
-1.054813,13,40.240789
3.850751,260,40.364475
-1.1,25,40.376231
0.477904,118,40.431907
-0.420322,22,40.443309
0.199893,53,40.468498
-1.182083,108,40.519562
-0.000104,25,40.531345
3.331678,170,40.613366
-0.591563,71,40.668265
2.569485,326,40.834704
-0.691757,30,40.848778
-1,8,40.852567
-0.337927,144,40.920493
-1,24,40.931856
-0.850472,103,40.980314
2.830689,186,41.067805
4.116409,203,41.182526
-0.2319,32,41.20141
0.304099,46,41.229697
-2.490865,211,41.939686
-0.514917,17,41.947829
3.414844,488,42.188733
-1,15,42.196068
-0.33285,133,42.271489
-1.663096,225,42.393406
-1,18,42.402671
-0.888488,35,42.421495
-1.019407,44,42.443313
1.641659,172,42.524711
0.55238,54,42.549964
-0.268869,268,42.675347
1.215609,242,42.821555
9.324514,451,43.648908
1.715199,118,43.704421
0.148789,56,43.731064
1.082455,101,43.779158
-0.701859,33,43.794744
0.96214,151,43.865377
-2.830094,600,44.221074
-1.149219,13,44.22736
2.79403,426,44.436031
4.692851,323,45.22525
8.199449,591,45.52206
-0.978911,47,45.545202
14.419653,1500,46.92224
0.010255,93,46.966204
1.744496,492,47.214846
1.215619,219,47.334086
8.42593,385,47.519724
0.322356,243,47.63435
3.030722,298,47.819919
-1.364874,133,47.893437
-0.236824,284,48.641875
-0.295875,47,48.663973
4.530452,430,48.88887
-0.969388,13,48.898196
4.654566,302,49.063949
3.029098,551,49.338118
3.404683,439,49.58186
0.063811,27,49.599548
6.284595,476,50.462084
-0.46611,59,50.493279
0.758956,89,50.557366
-0.771407,79,50.600247
-0.536943,45,50.623255
1.689123,99,50.676422
0.026067,67,50.709517
3.079997,254,50.833543
-1.040188,28,50.846816
0.724561,147,50.916214
0.503737,72,50.950028
-0.144527,74,50.985904
2.242506,100,51.050753
1.819507,162,51.141492
-1.297532,34,51.158545
-1,15,51.165701
1.433384,77,51.201892
0.800636,172,51.283828
19.20886,1500,52.64519
-0.074886,30,52.669336
6.159543,560,53.558221
5.265046,389,53.742207
2.134708,123,53.820781
-0.116806,53,53.847607
6.667931,260,53.985271
0.169905,33,54.002081
3.590669,425,54.208484
0.095155,170,54.300258
-0.449606,51,54.338464
10.839567,371,54.53317
5.182914,197,55.231489
-0.38853,148,55.30219
11.939584,776,55.710924
8.608573,469,55.948196
0.333801,24,55.963026
9.301454,744,56.949693
9.204414,599,57.277466
9.941975,721,57.649012
-0.16462,38,57.668621
4.690252,209,57.775897
12.893147,900,58.830193
-1.295868,13,58.83678
-1,8,58.840628
3.849631,122,58.899401
19.01353,856,59.363409
-0.487371,21,59.374659
-1.099999,17,59.382885
0.649961,31,59.397465
11.720513,887,60.449846
17.145923,744,60.814269
-1.394021,47,60.853199
0.352263,274,61.013863
0.061019,22,61.031168
0.828578,111,61.097698
22.79474,949,62.198715
-1.299989,25,62.211779
2.580494,238,62.324003
18.863554,1035,62.846943
15.956914,872,63.935948
1.474172,19,63.944999
-1.230648,37,63.96212
2.031097,207,64.058607
31.353602,1493,65.42463
0.29544,104,65.474829
2.186438,235,65.58537
0.423712,108,65.636482
13.414586,655,65.972978
1.229573,97,66.018246
25.197532,1079,67.150425
23.596829,1095,67.744425
11.584642,662,68.682542
25.718361,1019,69.190607
15.510262,517,69.442857
33.223617,1500,70.820004
23.032503,1107,71.990973
14.913402,737,72.386704
7.831486,287,72.523673
2.752585,175,72.605929
1.242217,121,72.662626
4.957197,150,72.738094
1.252498,32,72.753781
0.397735,138,73.45911
15.887024,660,73.775245
9.673653,425,74.004535
24.246943,878,74.454027
41.23345,1265,75.700615
35.337811,1500,77.069216
36.344951,1500,78.456879
49.448354,1500,79.194601
56.183511,1500,80.606519
3.531438,161,80.682214
39.286411,1500,82.078887
44.368182,1500,83.580812
41.177727,1500,84.327744
57.110819,1500,85.763728
-1.2,50,85.787442
2.0206,111,85.839967
9.984473,399,86.04603
11.506186,470,86.88042
0.102741,24,86.892177
6.354076,232,87.005631
50.522547,1500,87.76215
4.522935,240,87.878149
4.715869,144,88.5468
41.37691,1500,89.299777
53.901349,1500,90.676125
9.133874,366,90.866043
12.789715,421,91.096339
47.940615,1500,92.427168
53.863776,1500,93.859179
52.604303,1500,95.199283
16.129297,584,95.505208
47.919133,1500,96.857359
48.285083,1500,97.600943
60.409954,1500,98.959687
5.002929,183,99.051608
67.971797,1500,100.416879
4.50628,260,100.542675
51.931142,1500,101.913093
4.619113,194,102.003782
55.678856,1500,103.393538
35.507488,947,103.868144
54.073667,1500,105.243774
61.520675,1500,106.654886
57.970109,1500,107.38813
62.293589,1500,108.815747
61.402571,1500,110.164021
53.163655,1500,110.96092
65.161533,1500,112.324863
65.583332,1500,113.678849
66.193743,1500,115.079981
67.990938,1500,115.819406
69.110131,1500,117.206618
12.68446,392,117.435221
70.281082,1500,118.805312
69.279757,1500,120.19023
61.296898,1500,121.555126
71.40779,1500,122.310674
62.46213,1500,123.644551
70.518275,1500,125.028447
72.04464,1500,125.828134
70.351198,1500,127.195305
71.672642,1500,128.557262
66.687871,1500,129.932228
78.213666,1500,130.686815
67.096277,1500,132.066992
69.679187,1500,133.430028
66.870518,1500,134.786286
76.781712,1500,135.530944
78.625937,1500,136.912114
68.451436,1500,138.289058
76.986005,1500,139.035196
70.672707,1500,140.394863
70.506829,1500,141.743682
75.661155,1500,143.113939
78.104204,1500,143.855644
74.107382,1500,145.197593
77.725355,1500,146.555989
75.46806,1500,147.910025
68.19444,1500,148.683572
74.259243,1500,150.052956
74.20211,1500,151.425451
82.129754,1500,152.785185
84.393242,1500,153.571964
84.604674,1500,154.917249
76.733634,1500,156.276486
71.265404,1500,157.018493
77.454958,1500,158.379911
83.784101,1500,159.748187
88.880049,1500,161.148327
82.222952,1500,161.883978
81.419981,1500,163.250829
83.414485,1500,164.638648
75.737319,1500,166.043993
92.462207,1500,166.795918
85.068287,1500,168.162063
88.268339,1500,169.516179
81.596028,1500,170.885254
81.736076,1500,171.625607
78.519371,1500,173.009187
86.86523,1500,174.341648
83.042216,1500,175.091056
80.655448,1500,176.431726
83.325333,1500,177.797226
87.070189,1500,179.264108
84.722544,1500,180.010773
84.767612,1500,181.347449
91.623593,1500,182.712355
81.546013,1500,184.106272
91.022959,1500,184.854449
92.466654,1500,186.202575
86.240422,1500,187.580165
85.42215,1500,188.918086
77.764188,1500,189.709273
85.096893,1500,191.03148
84.900388,1500,192.393097
82.313467,1500,193.145125
81.385636,1500,194.515948
81.20967,1500,195.894243
83.422568,1500,197.233606
87.209098,1500,197.973676
81.000171,1500,199.319955
86.659102,1500,200.701287
88.068347,1500,202.045426
84.848138,1500,202.81289
84.336711,1500,204.184016
86.04348,1500,205.54795
89.342985,1500,206.914168
94.636491,1500,207.653933
91.188764,1500,209.064431
91.663148,1500,210.43742
90.564845,1500,211.214062
89.961469,1500,212.589366
91.429911,1500,214.008965
97.696145,1500,215.387582
94.115665,1500,216.140975
95.186148,1500,217.509708
88.616219,1500,218.863478
93.980704,1500,220.260572
84.700312,1500,221.02308
90.23282,1500,222.389354
90.579108,1500,223.785479
89.193795,1500,224.550072
85.173393,1500,225.962149
86.974562,1500,227.325117
97.622538,1500,228.697579
90.072617,1500,229.452297
87.059346,1500,230.860555
93.579795,1500,232.244121
92.405414,1500,233.611529
90.534375,1500,234.368463
86.952358,1500,235.730295
93.475961,1500,237.153487
88.727576,1500,238.528697
97.507109,1500,239.272257
83.384559,1500,240.634257
86.009923,1500,241.985805
88.458073,1500,242.768611
90.712933,1500,244.176058
90.985955,1500,245.546052
83.515233,1500,246.917292
94.064849,1500,247.704616
92.406849,1500,249.064019
93.614678,1500,250.431457
100.025777,1500,251.806267
97.103273,1500,252.552374
83.640971,1500,253.944025
82.011617,1500,255.30539
88.673931,1500,256.668084
94.347895,1500,257.424149
99.614323,1500,258.809654
89.903556,1500,260.188668
93.82202,1500,260.936522
88.340263,1500,262.327249
93.78924,1500,263.695412
93.50015,1500,265.077023
89.729494,1500,265.816813
6.236709,144,265.885355
97.18472,1500,267.290584
96.217258,1500,268.65687
91.841937,1500,270.040096
93.872011,1500,270.804856
97.711845,1500,272.184937
91.492523,1500,273.60222
95.874067,1500,274.97137
75.148363,1500,275.733047
93.207378,1500,277.094193
96.084437,1500,278.442726
98.370015,1500,279.833972
95.904312,1500,280.577182
96.537788,1500,281.939122
96.984395,1500,283.307182
84.133833,1500,284.069059
80.072698,1500,285.473929
78.968373,1500,286.883914
86.886386,1500,288.259662
93.464458,1500,288.994326
96.328251,1500,290.38724
90.245682,1500,291.749061
93.705828,1500,293.096583
92.161288,1500,293.843252
99.966792,1500,295.206474
89.817136,1500,296.586384
94.51736,1500,297.979629
94.356811,1500,298.73302
99.215942,1500,300.105976
100.843635,1500,301.484084
91.460015,1500,302.215535
103.077855,1500,303.592782
95.976997,1500,304.981085
105.165928,1500,306.347838
94.130775,1500,307.081598
95.846077,1500,308.485828
95.924772,1500,309.869769
94.829295,1500,311.257843
88.505188,1500,312.021612
89.757539,1500,313.415808
83.881917,1500,314.793242
92.4285,1500,315.566571
91.133095,1500,316.943602
75.749729,1500,318.335584
86.005309,1500,319.692893
81.62174,1500,320.442212
90.663024,1500,321.795172
89.029184,1500,323.164249
95.484235,1500,324.52849
91.394346,1500,325.268846
92.821325,1500,326.632059
89.674724,1500,328.019842
93.335574,1500,329.373812
91.506824,1500,330.145683
93.028879,1500,331.511825
92.382326,1500,332.931907
91.945105,1500,333.679267
95.707663,1500,335.042162
96.097074,1500,336.400983
96.637047,1500,337.767091
92.696983,1500,338.504674
96.284315,1500,339.873543
96.315131,1500,341.255391
91.499541,1500,342.606919
92.636283,1500,343.361062
87.996615,1500,344.756507
74.099948,1500,346.332009
79.627029,1500,347.701923
81.143594,1500,348.441603
86.996695,1500,349.815055
92.826939,1500,351.202192
83.550705,1500,351.97314
95.788885,1500,353.340689
103.852624,1500,354.693004
92.698737,1500,356.048836
97.583046,1500,356.818578
93.058626,1500,358.169127
98.415889,1500,359.504804
103.752364,1500,360.879833
100.992456,1500,361.632435
107.493179,1500,363.001911
104.262622,1500,364.37914
101.089544,1500,365.740202
102.955252,1500,366.494822
100.477553,1500,367.862069
91.085368,1500,369.236752
86.727198,1500,369.976393
102.788311,1500,371.347872
101.020291,1500,372.732662
107.348593,1500,374.138061
101.436282,1500,374.869881
104.319334,1500,376.251907
100.613105,1500,377.626659
111.19037,1500,378.979179
103.022715,1500,379.761167
94.394131,1500,381.134969
93.274905,1500,382.535268
111.133333,1500,383.910538
109.086045,1500,384.634478
95.414013,1500,386.019804
97.946974,1500,387.34989
99.844879,1500,388.149363
99.127911,1500,389.479112
102.644958,1500,390.851317
96.34984,1500,392.196512
93.087189,1500,392.974488
100.316691,1500,394.324667
95.467154,1500,395.658403
97.128494,1500,396.993242
107.504457,1500,397.763974
97.235392,1500,399.114035
99.960668,1500,400.501548
104.439338,1500,401.838757
96.263898,1500,402.59941
98.006388,1500,403.931807
102.661018,1500,405.374998
91.888463,1500,406.109107
100.073578,1500,407.494483
97.67708,1500,408.843748
103.997258,1500,410.242158
100.795194,1500,410.981939
103.959977,1500,412.372883
99.206938,1500,413.74367
97.767612,1500,415.101624
92.129771,1500,415.858747
99.311431,1500,417.203981
99.289203,1500,418.571283
97.317337,1500,419.336388
98.026918,1500,420.69776
100.86344,1500,422.098933
94.538559,1500,423.438531
93.32174,1500,424.241943
90.215686,1500,425.58995
105.526111,1500,426.949658
97.827412,1500,428.292809
106.318144,1500,429.029744
96.888115,1500,430.369042
101.614489,1500,431.734531
99.406495,1500,433.137225
104.445872,1500,433.87874
95.756428,1500,435.215361
105.873429,1500,436.612276
98.847725,1500,437.422257
101.804356,1500,438.782195
94.287806,1500,440.149293
101.445705,1500,441.558902
107.187906,1500,442.3084
97.056633,1500,443.68094
106.195388,1500,445.01933
94.722545,1500,446.401503
96.870547,1500,447.137871
102.676274,1500,448.536757
98.910445,1500,449.888975
104.873062,1500,451.265879
104.734573,1500,452.009717
94.865528,1500,453.401537
99.990101,1500,454.756752
103.975812,1500,455.501602
101.096082,1500,456.857227
101.78848,1500,458.216759
97.068288,1500,459.592319
88.544387,1500,460.351446
91.206447,1500,461.724548
97.616894,1500,463.085836
100.994367,1500,464.42674
94.059,1500,465.192159
92.820376,1500,466.581373
101.324861,1500,467.947491
98.056977,1500,469.306483
102.346871,1500,470.079392
92.223693,1500,471.440941
102.7251,1500,472.789844
90.569387,1500,473.531302
95.757379,1500,474.906137
97.996142,1500,476.269533
100.881452,1500,477.68701
94.957281,1500,478.490215
96.61048,1500,479.863955
97.343648,1500,481.199698
100.979542,1500,482.562409
105.857566,1500,483.294779
101.826717,1500,484.660794
101.906994,1500,486.000538
97.639804,1500,487.360331
103.76444,1500,488.086721
105.535922,1500,489.47639
104.292637,1500,490.842878
107.322798,1500,491.61629
104.674041,1500,492.986028
105.502137,1500,494.441341
99.767173,1500,495.985966
103.903558,1500,496.793587
101.328253,1500,498.276716
104.26455,1500,499.728964
97.634248,1500,501.173309
92.283236,1500,501.935279
97.710055,1500,503.298941
96.919016,1500,504.644662
101.097504,1500,505.412813
102.943464,1500,506.780486
104.98851,1500,508.174807
104.901868,1500,509.555055
102.346799,1500,510.330315
97.971214,1500,511.675319
101.602874,1500,513.04451
104.502651,1500,514.441971
102.460597,1500,515.195719
98.298631,1500,516.583899
107.407368,1500,517.934301
98.270143,1500,519.336298
104.116033,1500,520.094586
100.087096,1500,521.475739
104.664427,1500,522.828061
96.195208,1500,523.581256
107.76532,1500,524.935861
105.670761,1500,526.318686
105.324168,1500,527.674349
100.287752,1500,528.428711
106.109802,1500,529.801707
101.592822,1500,531.197859
103.637753,1500,532.539031
104.774877,1500,533.318052
103.167662,1500,534.667173
109.53102,1500,536.034737
105.514872,1500,537.370992
95.618279,1500,538.14199
107.951054,1500,539.466612
103.828953,1500,540.867141
101.554185,1500,541.628959
104.5565,1500,543.023143
102.84222,1500,544.427532
97.326545,1500,545.772644
91.623282,1500,546.514575
98.91592,1500,547.882521
98.015566,1500,549.23519
104.18339,1500,550.595077
104.571225,1500,551.326199
103.663919,1500,552.684091
95.938206,1500,554.040777
107.746344,1500,555.4059
107.776202,1500,556.137876
98.488925,1500,557.50368
101.288351,1500,558.843386
99.740907,1500,559.60142
99.044841,1500,560.961473
101.830342,1500,562.35558
105.893089,1500,563.757033
104.548845,1500,564.510011
100.751768,1500,565.912156
106.542922,1500,567.261281
111.002612,1500,568.62933
110.629628,1500,569.495304
108.07281,1500,570.943826
118.821149,1500,572.306221
101.887618,1500,573.709109
102.555677,1500,574.488176
104.412694,1500,575.818269
107.834414,1500,577.202289
106.708203,1500,577.938197
104.166255,1500,579.306742
106.570167,1500,580.683157
106.238362,1500,582.077403
105.529052,1500,582.844777
104.992022,1500,584.225948
103.547456,1500,585.644635
107.394724,1500,587.026487
97.262567,1500,587.774362
98.838539,1500,589.149764
98.461629,1500,590.523997
104.296951,1500,591.268753
105.652469,1500,592.620996
110.032247,1500,593.992596
105.892019,1500,595.340964
105.711127,1500,596.083342
103.181603,1500,597.428203
106.926465,1500,598.798078
98.857379,1500,600.169428
98.397911,1500,600.925895
100.111263,1500,602.268452
95.055055,1500,603.61827
99.566346,1500,604.977816
106.063652,1500,605.726693
101.134466,1500,607.077393
96.694272,1500,608.451374
104.62743,1500,609.192457
107.002739,1500,610.577899
103.81191,1500,612.031432
99.353799,1500,613.514494
97.610469,1500,614.293759
103.017787,1500,615.691934
104.77582,1500,617.115175
98.244912,1500,618.632838
99.534412,1500,619.428832
103.459307,1500,620.847061
95.890359,1500,622.292759
90.948593,1500,623.756699
95.055438,1500,624.511824
98.601742,1500,625.952655
99.370959,1500,627.609616
100.582643,1500,628.420521
100.604909,1500,629.945878
106.442653,1500,631.494893
114.211719,1500,633.044929
103.923718,1500,633.840578
104.75093,1500,635.284301
96.061458,1500,636.636228
104.671887,1500,637.969569
98.172683,1500,638.725818
105.151588,1500,640.058496
104.682481,1500,641.517931
107.282593,1500,642.944098
100.694171,1500,643.669235
98.383445,1500,645.13401
109.34706,1500,646.549107
98.426177,1500,647.281299
104.884397,1500,648.615708
106.218721,1500,649.964856
105.434248,1500,651.526165
102.906741,1500,652.293033
100.808021,1500,653.752658
109.223686,1500,655.412216
101.636433,1500,657.092112
109.888508,1500,658.040642
105.220797,1500,659.563412
111.28008,1500,661.102182
114.53527,1500,662.562216
107.938822,1500,663.382105
107.793564,1500,664.877152
108.500967,1500,666.215624
109.824541,1500,666.947588
112.331375,1500,668.291661
108.283144,1500,669.619796
108.671293,1500,670.950837
99.204809,1500,671.691295
100.37877,1500,673.046257
95.637161,1500,674.395705
97.363898,1500,675.724435
103.207413,1500,676.449102
97.94933,1500,677.772617
99.961637,1500,679.121061
96.738945,1500,679.847819
102.201814,1500,681.179311
103.567986,1500,682.728675
101.004247,1500,684.097934
104.064574,1500,684.826419
106.64627,1500,686.297828
97.900751,1500,687.774363
105.502784,1500,689.097156
99.233775,1500,689.869035
103.557187,1500,691.210701
104.228835,1500,692.741251
105.267788,1500,694.126183
109.210428,1500,694.902545
103.476055,1500,696.293933
106.762985,1500,697.637001
103.913661,1500,698.375186
101.903072,1500,699.733234
103.078624,1500,701.071178
102.310355,1500,702.425654
107.253601,1500,703.186354
107.35063,1500,704.550971
102.903335,1500,705.927262
104.101805,1500,707.313815
102.810639,1500,708.065906
111.486812,1500,709.430112
110.884066,1500,710.784171
108.209281,1500,712.118623
108.413956,1500,712.84912
105.075422,1500,714.186586
109.901699,1500,715.532551
110.535186,1500,716.260801
110.750265,1500,717.613239
108.053304,1500,718.946538
103.484145,1500,720.335121
109.005955,1500,721.062585
113.12826,1500,722.442542
106.672676,1500,723.805901
112.078097,1500,725.165563
110.410941,1500,725.96189
104.402672,1500,727.295604
115.624594,1500,728.633847
106.097164,1500,730.006902
107.489836,1500,730.762543
104.891211,1500,732.118689
110.414588,1500,733.474049
109.237612,1500,734.22389
109.602978,1500,735.588824
107.999354,1500,736.957671
109.085121,1500,738.292906
109.508052,1500,739.04517
110.608994,1500,740.390785
99.176812,1500,741.735783
107.88656,1500,743.09402
107.979291,1500,743.831367
109.085848,1500,745.172905
107.041502,1500,746.50606
102.098954,1500,747.860631
105.905006,1500,748.593228
108.797706,1500,749.947382
112.591679,1500,751.292459
100.499565,1500,752.038902
108.806107,1500,753.426521
100.630767,1500,754.768545
95.901291,1500,756.19679
97.431582,1500,756.989085
99.20659,1500,758.319128
97.647452,1500,759.749362
105.859624,1500,761.104575
102.331887,1500,761.850255
104.186241,1500,763.315948
101.551048,1500,764.799093
103.590727,1500,765.566614
110.156873,1500,767.032435
105.028208,1500,768.535059
108.791355,1500,769.998355
107.412921,1500,770.761467
104.217262,1500,772.138906
105.114768,1500,773.571132
109.316825,1500,775.017492
102.759514,1500,775.780328
108.824082,1500,777.185856
109.606319,1500,778.556877
112.330111,1500,779.965488
106.591728,1500,780.75164
110.431119,1500,782.227938
108.722546,1500,783.774775
96.911945,1500,784.561346
106.158799,1500,785.971666
111.980952,1500,787.313536
105.618924,1500,788.731781
95.822145,1500,789.452609
99.160211,1500,790.801397
91.427182,1500,792.192364
93.516858,1500,793.537216
87.21252,1500,794.285453
95.039735,1500,795.612359
91.812188,1500,796.936421
96.442547,1500,798.274048
97.137485,1500,798.993081
100.551927,1500,800.370793
97.123651,1500,801.711717
98.756689,1500,802.484482
94.52304,1500,803.838844
97.74394,1500,805.214836
97.107652,1500,806.568054
98.45423,1500,807.391971
104.94727,1500,808.879734
97.102515,1500,810.309126
93.589116,1500,811.72817
104.425157,1500,812.56142
96.167602,1500,814.024725
99.18542,1500,815.477461
103.202264,1500,816.943287
106.834789,1500,817.691458
98.244685,1500,819.118993
97.801418,1500,820.490332
106.136776,1500,821.247103
98.476238,1500,822.606716
101.224781,1500,824.030123
107.582115,1500,825.558722
106.767281,1500,826.433747
106.284277,1500,827.892668
106.334659,1500,829.420808
103.000259,1500,830.826138
103.179243,1500,831.625306
99.831617,1500,833.1815
105.202626,1500,834.689718
103.005582,1500,836.114423
94.495757,1500,836.863213
95.910144,1500,838.303187
100.264278,1500,839.862382
104.143478,1500,840.652219
100.649664,1500,842.019382
106.652373,1500,843.420918
97.938736,1500,844.819407
96.949627,1500,845.584581
102.256989,1500,846.937017
101.923561,1500,848.354896
105.065516,1500,849.744151
105.268018,1500,850.490755
99.842409,1500,851.905405
101.179304,1500,853.381666
90.335264,1500,854.177461
93.98425,1500,855.57424
97.900248,1500,856.932737
98.418847,1500,858.312519
94.424927,1500,859.104783
100.76397,1500,860.534249
99.842462,1500,861.89501
99.550996,1500,863.407462
103.413162,1500,864.224126
104.379105,1500,865.612796
92.251887,1500,867.121418
107.357046,1500,868.549398
95.092809,1500,869.3014
105.356544,1500,870.789381
99.742468,1500,872.264035
101.970866,1500,873.027759
102.5101,1500,874.411833
103.381359,1500,875.879426
97.018703,1500,877.406299
103.167534,1500,878.235388
100.401637,1500,879.634327
103.350397,1500,880.986447
91.500842,1500,882.481064
103.940794,1500,883.279672
101.36306,1500,884.740503
97.098621,1500,886.201413
95.543074,1500,887.591068
94.469534,1500,888.425657
98.184702,1500,889.819956
95.779363,1500,891.236129
92.274335,1500,891.97632
99.03146,1500,893.57816
101.035578,1500,895.095612
103.536086,1500,896.695196
104.88412,1500,897.473708
106.031594,1500,898.876461
101.912103,1500,900.265382
98.714897,1500,901.635267
96.524879,1500,902.388633
99.35465,1500,903.799339
94.223887,1500,905.215255
94.976647,1500,906.558478
104.426193,1500,907.280998
102.363443,1500,908.616351
99.817429,1500,909.987695
105.332125,1500,910.749227
111.049702,1500,912.127831
102.765639,1500,913.473101
100.959576,1500,914.94663
102.982546,1500,915.688335
106.60256,1500,917.203394
102.201096,1500,918.696458
100.850225,1500,920.196649
101.123563,1500,921.030552
100.197718,1500,922.429276
104.568798,1500,923.80544
102.435755,1500,925.304362
103.497982,1500,926.103473
100.372446,1500,928.165539
103.641848,1500,929.602394
99.522494,1500,930.368721
105.81589,1500,931.712838
104.352211,1500,933.076388
105.847515,1500,934.45668
104.226641,1500,935.211483
105.904032,1500,936.575914
102.553092,1500,937.945705
96.858468,1500,939.421694
111.815185,1500,940.15693
99.150894,1500,941.544285
95.211971,1500,942.896023
96.89625,1500,943.625408
97.418816,1500,945.070159
105.858533,1500,946.511677
109.414406,1500,947.862485
106.913001,1500,948.605434
105.10397,1500,950.026341
106.068465,1500,951.384168
110.428062,1500,952.883126
99.004728,1500,953.613307
100.024325,1500,954.950816
106.749705,1500,956.312046
102.568005,1500,957.899539
104.867613,1500,958.627949
98.506174,1500,959.968364
109.840683,1500,961.342219
113.23493,1500,962.167942
103.476915,1500,963.747625
107.67551,1500,965.09346
108.046693,1500,966.422044
105.227585,1500,967.143652
109.15844,1500,968.514759
102.979724,1500,970.0271
97.944767,1500,971.404503
97.757258,1500,972.163819
102.141968,1500,973.538676
107.112419,1500,974.891487
105.739481,1500,976.26796
115.929583,1500,976.993349
104.808058,1500,978.325846
108.528138,1500,979.651975
113.469157,1500,980.399
108.724652,1500,981.71359
107.341595,1500,983.109917
109.485301,1500,984.461334
110.71312,1500,985.19331
115.31924,1500,986.559329
111.740272,1500,987.905779
105.713116,1500,989.24212
113.044106,1500,989.967644
112.991618,1500,991.302961
103.306179,1500,992.641192
110.341018,1500,994.010213
103.799411,1500,994.737864
105.92085,1500,996.084056
105.826432,1500,997.438059
108.426631,1500,998.162049
106.805352,1500,999.520734
106.27856,1500,1000.840271
110.624266,1500,1002.168201
113.498441,1500,1002.906583
111.626694,1500,1004.368558
109.040166,1500,1005.738697
104.580734,1500,1007.218536
107.357384,1500,1007.955996
110.80448,1500,1009.30516
107.14858,1500,1010.658298
103.021546,1500,1011.995391
109.3309,1500,1012.832845
116.037652,1500,1014.24831
106.539795,1500,1015.608214
109.197758,1500,1016.373483
103.26668,1500,1017.979463
100.142452,1500,1019.443653
108.504961,1500,1020.887209
106.233471,1500,1021.628403
112.043032,1500,1023.027491
114.850603,1500,1024.568471
106.998786,1500,1026.078014
116.700551,1500,1026.849817
111.091276,1500,1028.251049
107.678976,1500,1029.645865
113.464749,1500,1031.013945
111.067781,1500,1031.747743
110.903706,1500,1033.094807
110.663009,1500,1034.48018
106.558038,1500,1035.217076
108.017125,1500,1036.605862
103.698188,1500,1038.006622
111.718699,1500,1039.40429
102.807986,1500,1040.16805
109.609359,1500,1041.546239
107.653736,1500,1042.927506
103.842506,1500,1044.388079
103.333139,1500,1045.192072
98.281816,1500,1046.537452
95.335473,1500,1047.951884
103.750137,1500,1048.730476
104.557109,1500,1050.114457
97.417969,1500,1051.522457
97.996053,1500,1053.012185
101.146366,1500,1053.838589
98.400648,1500,1055.270827
103.189911,1500,1056.60526
99.863901,1500,1057.992302
103.098128,1500,1058.801478
98.130043,1500,1060.284693
101.776362,1500,1061.62089
101.678847,1500,1062.947186
99.785079,1500,1063.674273
97.318543,1500,1065.012408
108.402302,1500,1066.488314
92.120778,1500,1067.244404
101.778979,1500,1068.649996
97.636454,1500,1070.122692
105.709277,1500,1071.528224
103.152058,1500,1072.309356
109.897242,1500,1073.742962
93.763714,1500,1075.154704
98.98107,1500,1076.534125
93.247828,1500,1077.271786
106.099103,1500,1078.727009
100.399111,1500,1080.095134
103.475483,1500,1081.456445
106.203964,1500,1082.264851
98.130016,1500,1083.687592
100.891552,1500,1085.010405
109.781791,1500,1085.767009
103.051064,1500,1087.094597
102.90487,1500,1088.40805
104.455422,1500,1089.729724
102.33866,1500,1090.455529
99.765431,1500,1091.787544
101.03888,1500,1093.140581
103.389102,1500,1094.476116
104.762198,1500,1095.228584
96.301376,1500,1096.637218
102.479071,1500,1098.05787
106.806511,1500,1099.44909
110.544868,1500,1100.222845
109.848776,1500,1101.63444
103.615389,1500,1102.991453
104.14006,1500,1103.706561
100.635969,1500,1105.04971
103.957889,1500,1106.387308
98.387955,1500,1107.725505
106.49767,1500,1108.464828
106.389315,1500,1109.842511
110.68874,1500,1111.172481
104.460823,1500,1112.553084
109.247904,1500,1113.297339
110.521998,1500,1114.649991
106.128805,1500,1115.979279
103.72916,1500,1117.340653
98.260145,1500,1118.060826
104.477287,1500,1119.546485
104.033296,1500,1121.039904
99.848423,1500,1121.762784
97.003278,1500,1123.403262
101.974276,1500,1124.909681
98.88321,1500,1126.286349
98.578851,1500,1127.020287
110.439741,1500,1128.439404
104.127206,1500,1129.886668
101.734953,1500,1131.246773
104.893186,1500,1131.975699
111.816417,1500,1133.321826
105.551549,1500,1134.710351
109.153328,1500,1135.455106
97.797542,1500,1136.798902
100.055748,1500,1138.136253
99.753369,1500,1139.464303
110.650473,1500,1140.205475
103.174002,1500,1141.643557
106.296215,1500,1143.775221
103.104762,1500,1145.428439
103.372599,1500,1146.35745
106.763325,1500,1147.98776
103.850774,1500,1149.455283
109.161347,1500,1150.821462
101.831138,1500,1151.573157
92.90759,1500,1152.905512
102.09323,1500,1154.227736
101.911877,1500,1154.94857
103.689945,1500,1156.356494
106.296638,1500,1157.793776
100.82372,1500,1159.143455
103.468477,1500,1159.879134
109.998626,1500,1161.205868
101.44633,1500,1162.537525
108.768382,1500,1163.883029
100.082751,1500,1164.606611
103.655855,1500,1165.970976
105.642433,1500,1167.311212
107.140131,1500,1168.658208
115.367685,1500,1169.386287
106.781591,1500,1170.744334
109.980577,1500,1172.107035
109.450783,1500,1172.892738
104.821245,1500,1174.400197
104.419111,1500,1175.857327
116.690256,1500,1177.298653
106.622687,1500,1178.045616
109.200362,1500,1179.486986
107.60885,1500,1180.904567
110.607565,1500,1182.331984
114.86416,1500,1183.153549
111.729228,1500,1184.567058
108.549167,1500,1185.965078
118.852135,1500,1187.395094
103.06118,1500,1188.162625
115.519134,1500,1189.511991
106.431677,1500,1190.835016
112.309093,1500,1191.567269
112.144694,1500,1192.925085
103.514776,1500,1194.319003
105.73959,1500,1195.682518
110.608203,1500,1196.426807
109.319851,1500,1197.851614
111.855972,1500,1199.236612
101.228035,1500,1200.584857
111.072865,1500,1201.334229
108.010939,1500,1202.723317
110.445427,1500,1204.068033
113.123618,1500,1205.422846
106.575046,1500,1206.168813
107.27746,1500,1207.540236
104.21586,1500,1209.271979
105.662355,1500,1210.131688
111.003005,1500,1211.577071
113.535143,1500,1212.946783
111.920632,1500,1214.303387
114.399478,1500,1215.093236
108.12442,1500,1216.486489
112.227133,1500,1217.885109
110.335288,1500,1219.350466
106.410215,1500,1220.150474
116.587341,1500,1221.4941
109.214722,1500,1222.839335
106.606124,1500,1223.572581
107.731211,1500,1224.896873
97.324032,1500,1226.359242
107.694488,1500,1227.863376
101.859302,1500,1228.690527
102.939476,1500,1230.130867
104.983484,1500,1231.691111
114.560929,1500,1233.185936
109.222516,1500,1233.976976
110.525644,1500,1235.452094
108.774203,1500,1236.885691
105.536605,1500,1238.228857
105.783842,1500,1238.962419
106.622503,1500,1240.302808
111.850774,1500,1241.658427
108.979564,1500,1242.399564
110.002667,1500,1243.871856
106.698099,1500,1245.31351
108.146871,1500,1246.676654
105.700269,1500,1247.431455
107.993057,1500,1248.81063
103.352498,1500,1250.272183
106.220896,1500,1251.661888
101.651163,1500,1252.389541
103.086768,1500,1253.728608
108.131638,1500,1255.062775
104.863286,1500,1256.407211
106.058385,1500,1257.139776
107.120765,1500,1258.496545
108.794588,1500,1259.848805
107.675534,1500,1260.573223
108.156924,1500,1261.935279
106.20976,1500,1263.291494
109.28097,1500,1264.650278
107.031087,1500,1265.383244
108.953624,1500,1266.728153
107.933059,1500,1268.069761
112.022477,1500,1269.416749
115.801028,1500,1270.15606
110.436841,1500,1271.506021
109.737957,1500,1272.864205
112.70218,1500,1274.208585
112.288808,1500,1275.023047
113.155691,1500,1276.365727
108.655372,1500,1277.732912
110.197347,1500,1278.468253
112.290612,1500,1279.866462
107.422388,1500,1281.213144
103.010162,1500,1282.673187
98.59948,1500,1283.412575
105.261036,1500,1284.760182
97.048747,1500,1286.162755
105.57349,1500,1287.518359
95.599794,1500,1288.269212
103.256725,1500,1289.602798
101.573118,1500,1290.955029
93.385525,1500,1292.305572
98.262249,1500,1293.048256
97.635685,1500,1294.422148
98.205816,1500,1295.775732
98.114309,1500,1296.51928
105.220452,1500,1297.888924
104.22913,1500,1299.260893
110.406026,1500,1300.669912
106.56932,1500,1301.460421
102.763483,1500,1302.921849
102.208439,1500,1304.395068
105.789122,1500,1305.943501
101.438836,1500,1306.721229
109.360011,1500,1308.304465
104.989792,1500,1309.786125
110.558224,1500,1310.541938
105.442399,1500,1312.007864
108.801189,1500,1313.513076
110.725124,1500,1314.955628
113.107262,1500,1315.801229
108.479206,1500,1317.316374
107.883167,1500,1318.727573
104.48694,1500,1320.108792
106.206701,1500,1320.842223
107.872687,1500,1322.183367
113.633455,1500,1323.643678
111.924244,1500,1325.225802
111.736185,1500,1325.962739
107.297438,1500,1327.474205
106.423102,1500,1328.947155
106.242316,1500,1329.738557
105.679476,1500,1331.329431
105.470052,1500,1332.837212
106.333664,1500,1334.219299
101.746044,1500,1335.034619
99.928275,1500,1336.474658
105.20645,1500,1338.004183
100.73842,1500,1339.375625
105.240987,1500,1340.156497
95.715501,1500,1341.691938
108.551315,1500,1343.124384
103.51163,1500,1344.557596
106.111472,1500,1345.312061
103.64504,1500,1346.6523
108.189493,1500,1348.050391
104.706585,1500,1348.785975
101.896811,1500,1350.160136
101.479756,1500,1351.478018
109.802074,1500,1352.829135
96.969484,1500,1353.578808
100.498227,1500,1354.926916
100.215281,1500,1356.257416
95.418731,1500,1357.602188
102.026275,1500,1358.324403
101.775024,1500,1359.660621
95.033682,1500,1361.00502
104.048551,1500,1362.343598
93.710503,1500,1363.077321
99.753137,1500,1364.415492
107.586312,1500,1365.785999
113.174213,1500,1366.513946
105.597298,1500,1367.933195
108.618387,1500,1369.414837
109.490177,1500,1370.824898
103.909527,1500,1371.643848
100.826444,1500,1372.964109
108.754217,1500,1374.307985
106.895303,1500,1375.662776
106.641326,1500,1376.392134
107.842406,1500,1377.74995
100.99705,1500,1379.076181
107.619589,1500,1380.410722
105.933911,1500,1381.132927
106.617146,1500,1382.475545
110.961695,1500,1383.795347
103.055866,1500,1384.528459
107.156408,1500,1385.977153
106.769073,1500,1387.49828
99.828215,1500,1388.972502
108.169755,1500,1389.738719
107.313895,1500,1391.141752
101.411966,1500,1392.617378
102.512119,1500,1394.122507
105.867896,1500,1394.870166
108.386534,1500,1396.331971
105.436356,1500,1397.74977
104.171357,1500,1398.483718
107.798023,1500,1399.821565
100.157377,1500,1401.160304
98.117675,1500,1402.507699
107.562988,1500,1403.251051
105.538681,1500,1404.671499
106.47118,1500,1406.028535
99.251339,1500,1407.470317
106.793786,1500,1408.333068
109.08754,1500,1409.738688
109.654652,1500,1411.134567
109.337225,1500,1412.53571
111.933584,1500,1413.32731
106.392651,1500,1414.852936
102.28255,1500,1416.236658
106.466997,1500,1417.14825
106.564268,1500,1418.615868
99.027706,1500,1420.065858
96.346817,1500,1421.495667
92.442364,1500,1422.248891
103.86207,1500,1423.845547
102.190103,1500,1425.229023
97.251249,1500,1426.603993
97.051865,1500,1427.351126
104.484245,1500,1428.758175
101.115449,1500,1430.268033
106.44035,1500,1431.662795
97.992405,1500,1432.419429
110.419527,1500,1433.817098
106.470186,1500,1435.24271
110.751339,1500,1436.050904
93.762284,1500,1437.46964
108.589215,1500,1438.826978
115.733344,1500,1440.185345
106.809732,1500,1440.911914
110.226027,1500,1442.254623
113.720928,1500,1443.590212
101.172586,1500,1444.939724
108.217012,1500,1445.701891
104.383521,1500,1447.187347
103.294074,1500,1448.770682
110.370671,1500,1450.387835
110.874573,1500,1451.179127
111.718146,1500,1452.60415
107.975854,1500,1454.187937
100.90768,1500,1455.050293
109.484576,1500,1456.450707
107.153412,1500,1457.834113
102.873204,1500,1459.245978
109.151103,1500,1460.000097
113.585563,1500,1461.463827
112.235103,1500,1462.890212
112.028131,1500,1464.272467
116.383928,1500,1465.044047
108.773332,1500,1466.451118
109.35001,1500,1467.930643
108.396642,1500,1469.445393
109.070691,1500,1470.207584
102.212712,1500,1471.933704
102.105607,1500,1472.594616
110.996453,1500,1473.320955
105.862533,1500,1474.014046
99.24986,1500,1474.668641
105.011608,1500,1475.323386
106.440042,1500,1475.98453
98.250449,1500,1476.638395
101.577582,1500,1477.289115
111.196351,1500,1477.943073
